,user,movie
61521,806,1141
31862,806,1366
40066,806,612
55812,806,328
50380,806,464
88716,806,1633
46513,806,631
38678,806,519
48805,806,1500
56455,806,1293
10489,806,1523
61733,806,1365
79323,806,132
77026,806,1515
29897,806,876
52971,806,773
61812,806,142
21939,806,954
85958,806,1653
34115,806,555
65536,806,1281
17239,806,199
54727,806,235
36212,806,1547
55987,806,466
71594,806,747
19491,806,945
9899,806,1401
51333,806,1391
82803,806,476
44642,806,987
86370,806,909
35707,806,97
49957,806,999
72425,806,6
52583,806,40
7696,806,1013
39739,806,602
23773,806,947
43237,806,121
38547,806,327
17584,806,922
72116,806,896
88971,806,1023
44310,806,109
27729,806,145
16127,806,36
52556,806,312
81611,806,1093
84099,806,1407
44914,806,1396
46733,806,93
80664,806,1442
22900,806,1276
41237,806,1178
81781,806,1397
43911,806,793
13010,806,333
27307,806,134
55625,806,1349
8488,806,27
76093,806,526
12444,806,345
8484,806,1632
38468,806,19
69734,806,413
49425,806,739
83390,806,867
79203,806,1414
55527,806,249
70821,806,254
89707,806,770
80862,806,88
51108,806,977
14330,806,1040
66810,806,964
61791,806,356
35184,806,1123
62313,806,744
52502,806,1333
77304,806,414
30826,806,1393
79392,806,873
59630,806,7
46022,806,936
75137,806,463
33293,806,465
10730,806,1431
32773,806,288
14219,806,1603
39281,806,672
17742,806,596
40926,806,1488
30696,806,37
35687,806,1461
22140,806,1533
14443,806,790
1090,806,58
48090,806,494
48498,806,996
2994,806,616
73773,806,443
3668,806,1350
15547,806,988
17468,806,1156
61622,806,1274
5384,806,113
70409,806,446
73916,806,815
20100,806,658
56750,806,961
49628,806,273
78418,806,752
31442,806,315
41037,806,1483
56280,806,1399
9707,806,1601
45282,806,1588
72677,806,637
24303,806,1027
65022,806,713
63671,806,1205
36549,806,715
9723,806,953
45646,806,1374
64995,806,1241
34571,806,1019
81500,806,1234
83785,806,1516
35895,806,570
69329,806,258
43011,806,997
78258,806,435
76467,806,932
41501,806,1398
28557,806,95
43176,806,1312
31193,806,402
32567,806,1464
79012,806,1436
61900,806,694
13292,806,1142
50509,806,456
56841,806,1460
12381,806,597
57208,806,1395
64492,806,1445
27761,806,926
18119,806,580
9094,806,25
44795,806,1132
52358,806,1249
5057,806,153
23709,806,1173
5187,806,337
40093,806,651
7853,806,1513
79910,806,81
39331,806,1644
40753,806,622
3534,806,1197
1754,806,891
40080,806,232
80844,806,1163
50405,806,1063
26645,806,131
67815,806,156
82419,806,685
58026,806,1638
3808,806,225
51395,806,618
57408,806,1392
84080,806,1390
41720,806,1115
36949,806,1251
60239,806,551
25942,806,20
43391,806,416
3584,806,297
5218,806,1369
13785,806,125
79669,806,1094
3035,806,318
78547,806,762
2003,806,1250
24720,806,635
80580,806,133
66546,807,1274
78788,807,348
87994,807,1401
29751,807,1318
55673,807,579
85513,807,829
14238,807,585
48432,807,1515
35999,807,1284
16391,807,767
50765,807,460
22264,807,1500
15865,807,339
39270,807,32
60297,807,975
36662,807,737
5004,807,207
79940,807,59
67727,807,982
26124,807,411
31997,807,860
22591,808,621
6652,808,695
22921,808,1500
13389,808,32
74232,808,411
48334,808,207
15799,808,1020
54471,808,521
18228,808,476
4323,808,474
84814,808,460
48687,808,829
4322,808,579
83013,808,1588
15967,808,332
4604,808,92
23427,808,1274
59975,808,333
74872,809,1465
63427,809,1588
20741,809,1284
7504,809,577
11659,809,476
5208,809,794
24840,809,538
16026,809,378
88535,809,1500
42680,809,928
33764,809,1133
62701,809,460
69437,809,332
42160,809,453
35169,809,993
26072,809,733
42053,809,860
7682,809,1002
47,809,170
89009,809,32
18140,809,579
28214,809,1152
19435,809,572
67042,810,92
7520,810,1588
8636,810,860
22058,810,333
67887,810,536
16175,810,1002
21572,810,1285
34089,810,139
85490,810,1302
72120,810,538
5664,810,476
36091,810,1007
77657,810,1261
89040,810,487
71887,810,32
38012,810,460
36929,810,378
36878,810,733
66849,810,1274
76096,811,829
30167,811,476
39178,811,823
47429,811,1588
14962,811,332
18512,811,31
59091,811,1152
30370,811,1369
63358,811,1274
13137,811,411
22655,811,1261
49445,811,1383
53772,811,721
49241,811,1284
8421,811,577
15081,811,579
41843,812,1206
41385,812,1168
85359,812,70
42983,812,139
63934,812,389
5023,812,410
31206,812,577
24024,812,1369
18278,812,543
80840,812,587
31486,812,476
45151,812,538
63717,812,1515
3449,812,585
11674,812,1007
17807,812,708
13707,812,477
18708,812,1000
36006,812,1302
70613,812,860
77186,812,1401
59737,812,59
74818,812,827
39996,812,32
78869,812,1404
24914,812,928
5707,812,536
80296,813,341
49600,813,1190
28909,813,569
376,813,1322
34229,813,539
7939,813,1189
15508,813,277
79641,813,908
13483,813,676
50107,813,1369
63887,813,42
54103,813,753
84391,813,1450
34183,813,187
27863,813,63
82247,813,262
20128,813,1329
17502,813,850
43984,813,1095
19358,813,475
66648,813,1543
64772,813,1078
37920,813,498
47124,813,1043
40884,813,1585
61031,813,270
66186,813,1284
15671,813,259
9324,813,57
7871,813,773
3904,813,94
41090,813,201
9348,813,1064
11542,814,634
89561,814,1134
48623,814,1365
63868,814,528
75779,814,6
72532,814,1227
87555,814,333
26027,814,1061
82545,814,651
77345,814,1350
45485,814,677
1880,814,1386
39632,814,1281
80325,814,1235
54697,814,97
44200,814,1156
33710,814,1138
55179,814,1333
8747,814,815
77667,814,1241
80644,814,1398
74325,814,1633
10442,814,1339
647,814,1113
13686,814,580
59388,814,1507
7314,814,1110
76115,814,997
86557,814,1559
50450,814,687
82292,814,1189
27902,814,1349
34039,814,1159
49042,814,519
36299,814,618
12529,814,596
20422,814,317
56063,814,153
32307,814,1613
33388,814,744
45734,814,623
47451,814,1146
23637,814,435
59748,814,226
70766,814,127
87911,814,1078
27118,814,1303
30037,814,1395
68274,814,616
74516,814,1543
33019,814,1393
12810,814,466
37222,814,586
75681,814,1638
80978,814,1461
23094,814,1580
44484,814,1063
43072,814,739
21858,814,926
60178,814,232
32890,814,42
67471,814,1123
64324,814,1501
53367,814,1607
14918,814,793
61619,814,291
76960,814,1181
89359,814,93
25224,814,1445
62299,814,389
77367,814,77
28579,814,50
922,814,1391
27391,814,715
13914,814,1576
12647,814,679
31310,814,1102
7038,814,1644
71160,814,41
2249,814,1397
38313,814,309
66305,814,1597
78840,814,643
21209,814,494
21911,814,1499
34625,814,1224
26291,814,303
36316,814,456
68278,814,690
27543,814,960
56147,814,349
57722,814,1226
588,814,1289
22633,814,1293
24703,814,58
36000,814,249
23993,814,612
57144,814,142
22449,814,9
22635,814,1035
63425,814,209
18536,814,362
72598,814,82
14626,814,1013
25203,814,1094
11395,814,867
53997,814,373
70589,814,1523
58662,814,524
57607,814,551
30612,814,838
7769,814,88
61837,814,1390
57586,814,337
75314,814,667
54434,814,1034
72665,814,20
61957,814,1394
15931,814,273
78267,814,570
33742,814,1209
11568,814,399
47071,814,229
26277,814,1027
46470,814,1460
61999,814,891
52678,814,947
22452,814,184
21295,814,143
74280,814,223
63814,814,713
50556,814,414
10036,814,566
27991,814,517
500,814,446
3877,814,345
10151,814,579
83496,814,1251
80681,814,571
39976,814,1583
85277,814,1234
88289,814,7
12881,814,747
73101,814,1155
86725,814,1322
7625,814,132
74751,814,57
14851,814,981
66721,814,415
61197,814,1147
38829,814,1008
1760,814,179
75928,814,1329
70706,814,797
4980,814,762
32496,814,1205
50105,814,1500
11473,814,1498
68092,814,987
81090,814,547
20546,814,44
10736,814,113
31887,814,753
3485,814,390
32747,814,300
59766,815,396
56815,815,453
85764,815,587
78977,815,1302
15009,815,471
38729,815,958
24668,815,333
71397,815,43
52595,815,1588
45194,815,32
49857,815,1500
12301,815,1020
71334,815,794
69374,815,332
31674,815,655
32499,815,577
44704,815,521
27306,815,823
454,815,1284
22,815,928
69532,815,1401
43214,815,378
3961,816,1251
63029,816,1369
46766,816,1005
34399,816,1425
5667,816,1547
63223,816,889
71342,816,476
37391,816,1284
4997,816,1274
24792,816,768
51292,816,841
62463,816,1623
9236,816,464
64668,816,744
74812,816,407
72301,816,993
68949,816,333
5201,816,1244
22643,816,1266
74272,816,1523
31637,816,212
25458,816,411
58785,816,666
37661,816,883
30416,816,339
63929,816,1543
3244,816,32
84460,816,987
4360,816,389
8239,816,235
30047,817,1284
9611,817,1556
65767,817,1515
15270,817,1020
24088,817,523
52090,817,32
62815,817,1318
28176,817,411
24639,817,572
65148,817,1555
39049,817,1302
72475,817,767
1299,817,98
85787,817,460
84881,817,975
389,817,829
84217,817,333
80477,817,1401
56787,817,468
76212,818,339
45399,818,623
14559,818,207
40320,818,293
80592,818,386
30310,818,538
51198,818,92
49244,818,554
69896,818,32
34125,818,397
16502,818,642
70125,818,474
11279,818,622
73945,818,1002
10394,818,1556
63567,818,767
13525,818,343
2719,818,411
35932,818,829
78463,818,460
86511,818,884
18878,818,972
63932,818,904
86637,819,70
56826,819,98
87675,819,1369
66688,819,1500
38583,819,733
17325,819,1274
16686,819,982
78965,819,1284
52006,819,333
89254,819,579
3121,819,43
45120,819,476
59677,819,1515
53820,819,332
8515,819,92
30880,819,889
44410,820,1205
6102,820,1297
59825,820,1537
49892,820,1146
86213,820,1523
23639,820,498
32911,820,81
69229,820,1317
87477,820,1167
83817,820,225
61795,820,87
69977,820,744
30557,820,867
53819,820,23
49740,820,1210
81645,820,860
85551,820,249
69535,820,773
48820,820,1467
19042,820,457
72095,820,1005
80781,820,1633
66612,820,1234
80751,820,1507
60515,820,926
8722,820,412
2523,820,1516
52354,820,1379
14449,820,679
57442,820,809
73147,820,653
45596,820,492
14188,820,1032
26139,820,373
33490,820,570
31949,820,1244
2607,820,527
14553,820,88
82601,820,554
15371,820,1333
29748,820,345
47886,820,1257
22943,820,770
45952,820,1644
30777,820,182
60566,820,1270
46335,820,598
30322,820,273
28048,820,95
3805,820,1497
77797,820,1329
48405,820,987
12161,820,463
74323,820,1251
75636,820,1102
79216,820,206
163,821,1537
72365,821,1523
76127,821,318
77171,821,579
69701,821,1141
50232,821,36
13000,821,35
3656,821,1063
24236,821,1004
84294,821,1652
14217,821,945
46717,821,178
86427,821,1454
74169,821,431
71392,821,494
74641,821,1515
26070,821,820
54521,821,621
80003,821,142
52053,821,1369
47762,821,599
82713,821,867
68176,822,696
21358,822,971
38234,822,947
75691,822,517
64838,822,154
83045,822,296
39880,822,1460
17617,822,99
73848,822,551
71089,822,456
62587,822,770
26735,822,1205
75271,822,140
42920,822,36
88211,822,349
41729,822,1339
83830,822,225
52655,822,1516
33482,822,355
74311,822,1016
48433,822,1337
65967,822,93
59447,822,1043
22554,822,409
46006,822,623
9166,822,7
42283,822,672
5559,822,1445
70147,822,313
84034,822,223
25125,822,433
27594,822,1066
29444,822,1173
84587,822,1394
59141,822,977
8736,822,345
11358,822,1190
52306,822,1148
43137,822,666
73145,822,1432
45764,822,569
64202,822,924
7192,822,997
79227,822,88
75593,822,134
53658,822,240
6366,822,1416
4836,822,55
22517,822,1559
66995,822,113
87944,822,1373
62431,822,419
37917,822,1441
60735,822,1507
2647,822,1615
70264,822,1157
23509,822,667
83317,822,226
86593,822,1523
21441,822,164
40272,822,1524
10837,822,390
6787,822,1063
1689,822,1210
6148,822,566
43642,822,613
33873,822,1525
45747,822,1397
42554,822,97
3809,822,1317
17602,822,1571
71906,822,1495
56126,822,1633
36664,822,1289
59177,822,1064
52435,822,1183
33797,822,1572
14849,822,711
58644,822,258
77236,822,1365
6946,822,184
42407,822,6
9639,822,643
2499,822,109
64316,822,1386
63603,822,1504
11348,822,380
12561,822,16
7544,822,427
33727,822,211
81248,822,94
54777,822,1398
25905,822,460
43055,822,1234
30082,822,262
76810,822,200
71970,822,406
63524,822,820
46989,822,694
1839,822,1620
78689,822,878
36253,822,44
48311,822,373
44140,822,199
53328,822,87
1314,822,1390
21538,822,336
31462,822,1201
60785,822,414
61427,822,312
12380,822,314
61506,822,579
78125,822,1391
16303,822,361
41226,822,142
82622,822,925
69109,822,937
3477,822,524
6280,822,1461
50836,822,1241
54047,822,316
15443,822,773
75842,822,1407
72792,822,158
75370,822,1543
38275,822,690
73997,822,570
77928,822,1534
25929,822,860
80252,822,1231
21470,822,658
49594,822,640
5718,822,909
26869,822,1392
67290,822,1146
11737,822,1008
5291,822,528
70600,822,301
81142,822,362
44723,822,739
62074,822,318
9750,822,122
21457,822,1329
45149,822,245
18170,822,309
52707,822,571
61010,822,1156
62122,822,919
40108,822,780
3173,822,1321
36900,822,300
9820,822,1349
60808,822,610
55859,822,883
72589,822,303
55854,822,1481
81365,822,867
73577,822,1304
77073,822,50
84716,822,612
60436,822,41
14976,822,178
70658,822,627
3398,822,127
24316,822,82
61052,823,1020
36426,823,1002
87896,823,476
17148,823,538
76303,823,1588
48964,823,587
21878,823,860
85263,823,794
17540,823,293
47351,823,279
20884,823,1274
74060,823,411
38322,823,1284
13096,823,460
12162,823,958
68517,823,474
87799,823,1261
7331,823,378
11354,823,348
29572,823,806
30259,824,1384
72434,824,1540
48346,824,476
86165,824,1547
509,824,1251
59009,824,666
49211,824,703
65895,824,1135
2416,824,191
67262,824,860
14305,824,290
70633,824,948
1376,824,1588
80834,824,478
48847,824,519
40623,824,1425
54437,824,484
15867,824,644
15794,824,209
60059,824,964
63031,824,327
42969,824,1031
9419,824,1270
14114,824,1433
49790,824,884
24365,824,598
13862,824,1197
62866,824,183
57842,824,955
12653,824,284
22535,824,744
52125,824,460
19591,824,945
9526,824,1274
17624,824,1146
16316,824,446
226,824,1381
85002,824,139
8453,824,780
84304,824,244
69273,824,378
41552,824,561
36248,824,305
80570,824,1205
5563,824,384
50946,824,771
71046,824,312
67918,824,5
40150,824,463
80500,824,425
6458,824,843
14394,824,1564
33405,824,798
22381,824,1017
72907,824,481
88151,824,1295
75362,824,642
54792,824,1477
51255,824,971
28879,824,1576
86738,824,883
1946,824,1531
45637,824,1533
47652,824,1497
9960,824,333
35949,824,987
39067,824,1572
27480,824,1018
64510,824,493
23353,824,76
71643,824,1284
384,824,1307
76163,824,25
48032,824,1338
3112,824,724
17070,824,178
68908,824,841
67424,824,69
44073,824,1329
21621,824,803
11597,824,1478
45221,824,1543
19227,824,1320
33659,824,958
1557,824,431
87662,824,104
8669,824,15
25740,824,757
78133,824,255
32881,824,1495
79667,824,891
38068,824,764
54026,824,1450
36558,824,1166
55623,824,171
2462,824,1306
46671,824,204
55576,824,768
58794,824,1461
33910,824,348
49590,824,96
35869,824,288
82479,824,435
11025,824,855
82239,824,1210
52895,824,612
75211,824,464
23541,824,1020
38603,824,411
35941,824,1623
29519,824,1297
58050,824,101
70268,824,1537
6792,824,309
28159,824,389
52412,824,410
50607,824,525
81684,824,235
12854,824,577
62161,824,609
4847,824,617
21700,824,518
38661,824,1234
74337,824,969
11449,824,1398
16721,824,455
2544,824,347
2550,824,1394
39215,824,794
55088,825,142
30435,825,1397
27517,825,790
33359,825,1534
33628,825,443
73779,825,1500
44812,825,591
25984,825,623
71822,825,36
54953,825,823
84249,825,1559
87242,825,1190
30493,825,1488
68935,825,134
72619,825,1205
17456,825,1373
59655,825,1401
60666,825,860
60270,825,225
3095,825,94
25762,825,249
39109,825,315
7347,825,1436
4911,825,622
58638,825,1460
53286,825,555
83398,825,526
32475,825,1417
21511,825,1396
88862,825,1391
84644,825,571
12499,825,797
77157,825,1284
55626,825,677
61332,825,43
14847,825,1234
39620,825,275
89405,825,1309
24732,825,943
8241,825,1366
87581,825,1653
65811,825,1459
53581,825,1301
89412,825,656
42191,825,1399
10430,825,1249
14019,825,838
51946,825,133
8805,825,333
61964,825,1523
40036,825,739
73384,825,1560
24456,825,41
35825,825,153
71246,825,1516
84417,825,439
77758,825,1398
65232,825,312
52623,825,1445
63512,825,42
47166,825,406
10059,825,415
37642,825,570
40823,825,599
40676,825,416
690,825,1483
36984,825,616
4008,825,402
62729,825,328
52113,825,1410
44125,825,994
685,825,1274
4206,825,132
22116,825,851
79821,825,1043
19438,825,184
51335,825,1141
11460,825,1350
75673,825,612
68760,825,1454
39969,825,1063
26712,825,471
63810,825,396
1778,825,867
50895,825,785
78499,825,365
55301,825,1525
60904,825,1533
7763,825,494
74608,825,715
16539,825,456
14414,825,1588
5526,825,672
32242,825,1603
5596,825,1183
53749,825,93
44378,825,791
6210,825,1658
83660,825,355
22794,825,1048
39958,825,1390
12763,825,37
58925,825,385
63,826,293
87946,826,411
32365,826,621
13049,826,1284
45413,826,1369
30516,826,823
89419,826,860
38629,826,1274
66338,826,577
22101,826,460
37396,826,579
34535,826,1589
39100,826,1302
18349,826,829
86613,826,572
39250,826,476
62358,826,333
73382,826,766
974,826,32
6770,826,59
51034,826,1346
64189,826,98
38777,826,453
82849,826,43
61181,826,733
29119,826,975
79978,827,912
39048,827,499
4200,827,400
47165,827,1297
68343,827,1149
49692,827,1039
6411,827,919
82999,827,180
47057,827,207
48656,827,317
38606,827,1274
59338,827,1175
64121,827,1316
58329,827,468
71783,827,1486
38185,827,1524
42304,827,1437
82114,827,1484
5056,827,448
1498,827,554
37976,827,351
77773,827,1473
41900,827,126
87416,827,1660
47082,827,114
88436,827,28
66658,827,293
57947,827,941
59685,827,1257
40436,827,339
26635,827,1321
73977,827,1294
17733,827,552
73972,827,1139
77131,827,453
48068,827,572
56565,827,1023
47635,827,862
86328,827,367
24573,827,24
45899,827,1376
43405,827,1284
68033,827,246
18800,827,1500
12396,827,332
51088,827,1016
63204,827,963
44769,827,1260
70955,827,1278
28627,827,1266
29372,827,733
50682,827,301
42355,827,828
48895,827,1108
39131,827,1589
69275,827,460
50325,827,1285
35050,827,496
64820,827,1020
11508,827,84
28822,827,1508
28377,827,76
26118,827,767
76311,827,430
72905,827,812
36609,827,1011
26964,827,1334
75198,827,1238
75879,827,397
82323,827,1207
71975,827,1109
1570,827,1032
54099,827,1515
21359,827,829
46651,827,336
82818,827,98
84812,827,1066
88582,827,1167
71492,827,1556
53613,827,922
44525,827,188
75924,827,240
41177,827,455
65864,827,1255
16047,827,1226
44271,827,321
81385,827,670
65754,827,959
33673,827,1240
5996,827,264
58991,827,1126
60587,827,1315
15010,827,170
25648,827,865
10527,827,677
40777,827,1401
79657,827,348
42841,828,1025
21224,828,318
56725,828,333
21205,828,209
66907,828,1226
41185,828,1206
24050,828,211
35306,828,321
20267,828,1498
13833,828,1491
39711,828,1557
84708,828,1257
30278,828,1071
15285,828,498
86703,828,820
32375,828,336
43579,828,976
35525,828,1146
63196,828,474
53373,828,554
20794,828,1167
34754,828,855
10634,828,677
5781,828,1636
34042,828,1066
49757,828,528
42648,828,76
86909,828,1306
3908,828,628
77340,828,421
88302,828,301
73024,828,1297
52032,828,1497
28510,828,212
10021,828,1149
85844,828,1633
47563,828,1034
73495,828,1333
72215,828,860
50376,828,1523
66159,828,519
52625,828,293
15560,828,865
10073,828,883
28616,828,611
70177,828,1524
4261,828,1507
54760,828,1558
72668,828,1204
6728,828,460
75153,828,1500
34162,828,726
64063,828,964
28830,828,144
17425,828,780
12723,828,587
33046,828,148
6704,829,294
67838,829,922
78904,829,867
22773,829,616
72473,829,926
40695,829,570
1796,829,627
24910,829,752
16592,829,1393
42410,829,1234
59714,829,682
40585,829,498
6845,829,890
48085,829,1565
87909,829,1407
20565,829,728
25204,829,44
13487,829,631
29020,829,1460
38160,829,113
61653,829,643
40041,829,1173
18305,829,1366
27982,829,1533
83384,829,1199
74189,829,1450
23790,829,134
1282,829,1564
51865,829,1289
48246,829,27
67250,829,860
50315,829,1559
89680,829,1253
80833,829,1633
44451,829,380
6562,829,1461
3575,829,613
31505,829,851
61984,829,551
50949,829,1515
41561,829,610
77833,829,55
24313,829,1507
5786,829,1206
73593,829,337
61840,829,1329
61834,829,312
89469,829,184
23604,829,1005
2264,829,1516
46001,829,747
86042,829,1514
3030,829,1035
44338,829,1523
66868,829,715
55787,829,142
80364,829,1350
43836,829,1241
39719,829,416
34987,829,612
35203,829,685
7929,829,1603
24052,829,456
89217,829,1390
76074,829,1249
59404,829,443
52380,829,36
30655,829,328
11806,829,1445
77623,829,1391
25556,829,1500
60276,829,846
35476,829,1190
32699,829,305
53023,829,133
58111,829,132
68501,829,303
84707,829,1398
70328,829,433
6595,829,1178
15856,829,225
41458,829,797
47249,829,909
88375,829,2
53911,829,1379
6714,829,1132
28946,829,249
50670,829,1339
43958,829,1394
50858,829,596
80333,829,297
69672,829,373
74971,829,960
89022,829,650
80646,829,1488
7387,829,1397
25020,829,1284
7898,829,41
659,830,332
64335,830,1284
4136,830,843
32271,830,621
35075,830,1441
50900,830,1355
801,830,1215
36291,830,1231
25277,830,1302
25828,830,378
81901,830,952
35509,830,113
5537,830,1251
44478,830,1274
16243,830,780
16044,830,733
63699,830,88
25148,830,627
48190,830,1589
18345,830,1317
40413,830,1657
37735,830,854
26433,830,1497
33733,830,1205
5783,830,1572
82633,830,92
5296,830,1178
45499,830,212
26008,830,1401
11063,830,225
31781,830,484
43775,830,747
35983,830,1190
13231,830,1210
47021,830,1580
82028,830,1110
44118,830,1016
52681,830,1500
26922,830,585
25662,830,1176
68416,830,1460
60129,830,741
81187,830,958
5340,830,477
87928,830,1234
23268,830,1135
12024,830,410
9896,830,98
58379,830,411
43584,830,1182
86250,830,453
47001,830,32
29542,830,349
23554,830,498
40567,830,339
62846,830,827
65323,830,1398
86004,830,333
7489,830,1523
1466,830,860
60241,830,414
63068,830,873
82810,830,577
81213,830,207
8047,830,471
12279,830,636
12643,830,1369
66136,830,579
8006,831,577
17868,831,1234
65874,831,333
81121,831,860
88093,831,178
15343,831,1285
41836,831,378
8327,831,982
10143,831,410
54898,831,1152
13561,831,1500
15712,831,411
56586,831,345
17441,831,1640
43628,831,460
81253,831,1284
17738,831,1274
78225,831,471
78574,831,332
73137,831,1554
2700,831,794
55278,831,1398
23676,831,1588
66858,831,993
72559,832,1040
55029,832,354
8688,832,57
54993,832,654
23232,832,203
12226,832,382
1723,832,1504
37731,832,1183
59039,832,1507
38005,832,1407
59036,832,1516
59124,832,608
71610,832,1284
6783,832,417
58119,832,613
59353,832,440
79357,832,1121
87039,832,1142
79918,832,498
6773,832,1586
80519,832,1207
16170,832,737
9544,832,1432
36451,832,1386
31133,832,237
23647,832,1329
33081,832,341
1966,832,414
27410,832,337
81499,832,1589
74919,832,425
20203,832,1497
86855,832,1265
79187,832,450
45449,832,143
57826,832,206
80291,832,330
31833,832,415
74784,832,658
74456,832,262
1797,832,936
74225,832,221
7124,832,1231
12416,832,1393
56564,832,1208
57732,832,1594
74801,832,1182
57547,832,1095
31948,832,1572
80234,832,820
71663,832,456
57561,832,1196
55677,832,878
74727,832,1342
7165,832,49
20517,832,1061
86924,832,816
37501,832,223
39606,832,982
81314,832,132
15702,832,319
74210,832,119
46362,832,1636
26328,832,945
56315,832,1441
19845,832,231
10714,832,1424
6794,832,187
9490,832,757
17154,832,412
41704,832,494
12312,832,1524
3898,832,35
573,832,1158
33241,832,484
35529,832,152
20530,832,1463
17071,832,309
49738,832,1657
79167,832,441
86638,832,908
69004,832,1398
31795,832,767
24818,832,656
37525,832,15
88736,832,104
58490,832,1098
59507,832,102
35810,832,355
49710,832,667
85338,832,432
57422,832,1057
86972,832,179
35811,832,463
20621,832,631
49808,832,966
83464,832,906
21597,832,315
65533,832,1266
25547,832,1401
47526,832,612
35185,832,551
50786,832,150
52746,832,17
69911,832,305
83170,832,1633
27680,832,44
71123,832,317
25539,832,1
60695,832,1064
73483,832,1565
34908,832,1234
62621,832,1205
6241,832,347
71226,832,909
33760,832,1043
5904,832,640
62657,832,416
65946,832,94
78468,832,34
72746,832,464
28606,832,768
51589,832,273
69897,832,1023
60898,832,1079
5167,832,739
89459,832,1477
60862,832,1157
76090,832,1444
72388,832,643
70087,832,1481
30334,832,623
84758,832,1338
83532,832,1250
28995,832,1255
24169,832,1131
5854,832,433
66051,832,209
42517,832,1217
10448,832,937
24606,832,261
52923,832,225
19561,832,670
71846,832,1048
77851,832,255
2348,832,360
43091,832,799
22211,832,841
25990,832,1204
70882,832,63
6339,832,207
46576,832,153
26000,832,452
39898,832,1568
4201,832,212
60462,832,1449
6302,832,1124
1251,832,266
34911,832,348
49344,832,919
87382,832,87
24664,832,774
44545,832,1609
28958,832,296
77538,832,1543
12054,832,53
43395,832,199
22124,832,270
77952,832,519
2970,832,240
34195,832,399
33625,832,943
84997,832,1460
60480,832,832
77596,832,1102
53961,832,1537
36203,832,1456
47487,832,1209
85456,832,571
82504,832,984
89377,832,1066
23870,832,249
44267,832,1629
37158,832,328
66476,832,1299
23907,832,1078
24129,832,997
62853,832,1534
62850,832,829
12978,832,851
46516,832,1190
48962,832,1371
73603,832,1176
35274,832,1301
61530,832,1322
28090,832,666
47306,832,1189
15334,832,1003
85955,832,773
11389,832,332
78190,832,476
83922,832,1528
40061,832,336
28683,832,235
38778,832,475
4304,832,996
21480,832,1520
49410,832,1422
35155,832,202
12962,832,402
29255,832,151
17392,832,1580
30105,832,1547
43695,832,42
75772,832,226
54644,832,127
16081,832,1429
27572,832,184
85779,832,1097
81933,832,811
9304,832,591
52528,832,889
8194,832,742
34738,832,1128
37050,832,88
46808,832,406
6416,832,981
82423,832,1135
73650,832,685
28257,832,1533
50980,832,987
46781,832,801
16668,832,601
73223,832,89
65275,832,638
47864,832,1210
879,832,547
2879,832,570
81934,832,994
28074,832,950
39234,832,1235
1553,833,1515
29265,833,1589
25012,833,767
53703,833,1477
27998,833,178
17801,833,621
49454,833,1261
21387,833,1524
85350,833,1297
5276,833,1497
22007,833,293
25097,833,579
55451,833,1500
89664,833,43
53253,833,410
39083,833,1441
58896,833,333
11481,833,855
85695,833,98
11428,833,1251
19308,833,976
63472,833,1338
34076,833,411
44976,833,928
13111,833,1495
58000,833,460
31510,833,1398
17640,833,140
62836,833,209
48150,833,484
57417,833,92
79782,833,389
74395,833,1633
46398,833,946
37057,833,780
9636,833,572
6439,833,612
20382,833,1005
82906,833,1025
31663,833,1284
26152,833,598
77818,833,972
85290,833,1234
54334,833,498
37747,833,1543
66306,834,964
72900,834,139
72393,834,7
40947,834,478
23743,834,987
4007,834,793
45603,834,413
21198,834,580
49822,834,613
46791,834,1296
63295,834,1061
23689,834,1205
74224,834,1500
78409,834,1644
3296,834,1241
82683,834,985
14085,834,551
56168,834,317
37522,834,87
51802,834,296
40793,834,1005
58557,834,50
50141,834,446
31314,834,337
87285,834,780
49577,834,517
76980,834,142
75891,834,1102
27515,834,566
31703,834,747
27690,834,1615
51035,834,513
75620,834,1206
10897,834,1269
35361,834,984
6930,834,1147
40496,834,618
38147,834,627
55804,834,1365
33086,834,1632
55956,834,45
25312,834,1338
87402,834,1429
4401,834,890
75387,834,612
69289,834,1027
81565,834,1349
51455,834,1281
7539,834,229
70195,834,860
72382,834,114
89052,834,608
37244,834,988
19725,834,297
43258,834,1032
45905,834,1176
71837,834,278
59108,834,1295
299,834,199
27785,834,113
62515,834,347
59875,834,373
66682,834,1244
84951,834,1013
84561,834,1284
27396,834,1157
7670,834,1606
76617,834,82
44930,834,773
16173,834,504
9053,834,1329
13604,834,1303
87252,834,1363
1508,834,873
28702,834,926
19958,834,261
40457,834,303
44837,834,1322
27880,834,1304
84405,834,390
43341,834,1096
54281,834,1132
37401,834,621
4612,834,1523
13535,834,1398
44324,834,946
167,834,88
81888,834,2
2160,834,1456
74039,834,1407
73778,834,233
84729,834,1507
63147,834,153
3061,835,1318
21128,835,1572
57711,835,1321
51461,835,1204
47793,835,1190
31830,835,471
63156,835,1215
43333,835,762
73608,835,1437
61729,835,301
30926,835,776
87695,835,1415
61342,835,1284
45084,835,829
40134,835,572
39863,835,476
87620,835,296
13296,835,1208
51593,835,97
23021,835,1281
81703,835,828
22176,835,1189
23367,835,59
18426,835,947
61412,835,333
31692,835,339
42700,835,889
46799,835,1615
85910,835,1205
38491,835,1302
4467,835,184
9487,835,1364
76257,835,1235
46664,835,87
37476,835,460
27817,835,613
17765,835,313
73222,835,382
78275,835,848
75889,835,936
44906,835,352
10885,835,826
4507,835,1020
81579,835,150
17549,835,337
63459,836,1232
45439,836,1146
40310,836,1295
5754,836,144
2884,836,780
37605,836,1171
65837,836,332
62808,836,771
28652,836,431
41740,836,455
80061,836,1297
61245,836,1570
18297,836,855
29663,836,2
84960,836,1338
53165,836,76
81511,836,476
79477,836,519
77362,836,1018
25562,836,1005
31082,836,1467
9562,836,1270
26533,836,1403
5638,836,84
11859,836,178
21176,836,798
5109,836,1537
64341,836,140
53081,836,713
7104,836,976
23270,836,653
17075,836,435
4197,836,1633
18424,836,588
28767,836,563
41818,836,986
3255,836,1394
5631,836,389
1311,836,1234
12325,836,527
6074,837,987
49436,837,291
85984,837,1484
28423,837,996
76464,837,1394
28815,837,677
2417,837,747
27809,837,484
86143,837,1289
65648,837,113
624,837,1016
59509,837,1077
26787,837,309
36418,837,32
66129,837,333
34383,837,964
11567,837,1432
68693,837,35
55090,837,1397
932,837,1500
70578,837,88
20718,837,1401
36117,837,430
39926,837,855
17436,837,303
43344,837,380
83975,837,109
16288,837,1523
71608,837,1297
81725,837,234
3107,837,1597
37142,837,318
23768,837,687
74651,837,1460
11791,837,1274
85334,837,460
82481,837,1110
22280,837,744
38267,837,867
86938,837,1205
77447,837,1537
34945,837,1266
74655,837,679
45785,837,1270
21208,837,947
15445,837,945
63394,837,528
43421,837,1333
82086,837,1533
2770,837,1637
35477,837,131
31404,837,1373
35151,837,1398
3215,837,950
52816,837,736
25995,837,1253
36343,837,612
23468,837,1652
12470,837,554
65658,837,1025
8791,837,883
684,837,651
10146,837,1178
44104,837,476
29241,837,1543
65164,837,768
56118,837,613
79395,837,448
11926,837,104
7205,837,1190
22090,837,1342
66203,837,226
81201,837,1281
67358,837,455
63588,837,1365
78255,837,498
1675,837,389
57015,837,1208
33029,837,1293
9552,837,1606
35364,837,317
45506,837,797
59560,837,829
42465,838,1002
9592,838,1135
28687,838,412
28264,838,982
39219,838,1234
15679,838,1295
42976,838,11
19764,838,887
36402,838,498
13539,838,1071
30161,838,1210
84904,838,744
62919,838,1110
42688,838,780
30605,838,1398
81384,838,1347
10838,838,579
13698,838,964
82130,838,1232
60353,838,1244
57491,838,1261
38744,838,1537
85696,838,1505
60964,838,1319
76439,838,1547
20856,838,271
89703,838,612
20572,838,378
72974,838,639
78500,838,471
76783,838,96
24596,838,1025
16306,838,802
67387,838,971
64440,838,803
34874,838,986
42728,838,474
40642,838,283
20120,838,1523
44762,838,820
53209,838,577
19453,838,1467
26053,838,588
14996,838,945
46077,838,212
36028,838,305
45875,838,460
56847,838,1251
29939,839,776
3516,839,773
82729,839,224
15739,839,867
4824,839,1556
68444,839,1558
77618,839,551
62487,839,1657
52475,839,1527
52570,839,312
26466,839,1329
28143,839,142
62069,839,399
26471,839,45
21692,839,621
53080,839,373
71244,839,27
22556,839,947
29289,839,179
65556,839,635
67308,839,1148
50617,839,296
11391,839,199
24700,839,1167
81122,839,171
84418,839,446
58186,839,926
15595,839,227
36208,839,1303
12448,839,1078
29321,839,421
47305,839,1149
62567,839,7
77429,839,1063
27079,839,1520
73259,839,1157
73189,839,1077
68200,839,273
11067,839,1102
76206,839,1481
15590,839,1304
39137,839,880
79793,839,9
72287,839,1652
65094,839,380
41712,839,747
34152,839,1363
76044,839,82
13227,839,1124
67134,839,1251
13688,839,382
7312,839,517
79721,839,815
80982,839,742
56975,839,612
16875,839,959
83303,839,1034
28539,839,1456
80353,839,226
73750,839,87
36816,839,1294
60514,839,1216
63653,839,97
60502,839,278
80725,839,41
41954,839,258
41585,839,230
54121,839,848
57339,839,964
24746,839,762
47674,839,1205
9691,839,461
983,839,1350
21285,839,1476
75578,839,937
59229,839,153
5662,839,613
33779,839,1235
11625,839,447
84834,839,1620
76389,839,710
39955,839,908
35235,839,627
88711,839,548
31992,839,797
6963,839,1321
68091,839,1386
30379,839,696
68781,839,1655
21331,839,456
3036,839,623
60688,839,44
18230,839,826
7449,839,1460
78610,839,996
39813,839,1301
60342,839,173
16556,839,936
33556,839,433
60022,839,643
26039,839,206
86318,839,457
40228,839,1190
75293,839,441
59979,839,291
20320,839,658
9999,839,184
39043,839,59
83879,839,154
38266,839,1365
33322,839,1208
38213,839,319
54593,839,225
64110,839,249
59708,839,303
88656,839,1257
81851,839,709
5067,839,1295
36504,839,505
59615,839,1491
26790,839,443
41440,839,1127
66696,839,1233
37348,839,32
23664,839,50
75464,839,1016
83771,839,232
23429,839,770
64282,839,1498
19618,839,1636
40910,839,109
25205,839,851
76761,839,793
526,839,1415
26172,839,1334
45803,839,414
59598,839,677
28649,839,209
80497,839,1178
86826,839,570
50163,839,390
1054,839,1032
12988,839,744
87531,839,987
41647,839,940
55348,839,682
31339,839,301
55627,839,1215
26882,839,1547
42604,839,1565
48842,839,1333
17972,839,865
9604,839,181
7148,839,891
75110,839,1338
58979,839,1189
49167,839,1337
55376,839,1467
2694,839,413
38456,839,1030
35417,839,640
82425,839,1398
39195,839,919
38464,839,1543
17512,839,711
19398,839,448
27808,839,234
31252,839,494
34790,839,1474
28459,839,336
69631,839,1234
42991,839,1317
33803,839,997
61248,839,150
75121,839,95
44415,839,1217
60966,839,1479
19072,840,348
87780,840,398
39207,840,1588
23011,840,829
9780,840,1274
67549,840,1219
70513,840,1401
49903,840,106
85021,840,1369
50043,840,621
10436,840,585
20111,840,1011
10746,840,333
32959,840,1152
61935,840,1500
7613,840,98
83964,840,1284
88443,840,1020
20106,840,766
2310,840,89
76610,840,1515
42402,840,1103
23705,840,460
44084,840,577
10202,840,32
55728,840,92
3722,840,579
5845,840,378
5132,840,536
82289,840,453
58705,841,293
79882,841,198
88790,841,207
3642,841,1556
41624,841,332
4043,841,1515
45243,841,333
7825,841,621
86914,841,1011
46830,841,1500
21557,841,889
69281,841,170
80399,841,579
57021,841,1219
73140,841,1284
37360,841,264
1640,841,952
45320,841,572
73561,841,523
45392,841,717
27997,841,862
45857,841,655
63090,841,1230
57669,842,502
85191,842,1507
45354,842,50
80173,842,1297
50602,842,1386
71611,842,1043
88210,842,1303
39118,842,93
67842,842,1205
5815,842,580
42035,842,867
40859,842,9
84443,842,249
58120,842,6
86780,842,826
58134,842,1516
18682,842,1481
39598,842,1016
21921,842,433
14409,842,627
10554,842,1095
3638,842,1149
70488,842,891
14399,842,1460
45719,842,32
8151,842,1615
85602,842,7
11501,842,1393
344,842,1543
8622,842,984
80481,842,1102
24414,842,494
43556,842,715
45437,842,402
14440,842,296
29123,842,610
35320,842,713
678,842,1392
80247,842,44
76198,842,1350
38913,842,909
13106,842,40
28969,842,1349
76432,842,153
12911,842,1391
88876,842,277
11630,842,676
67684,842,270
20594,842,41
67460,842,1461
45573,842,301
62672,842,566
62643,842,1533
24615,842,1078
51840,842,1304
892,842,1337
50824,842,919
41808,842,596
63975,842,179
51135,842,570
57662,842,390
48591,842,328
37741,842,1396
87850,842,87
89484,842,682
49968,842,770
46067,842,178
42869,842,539
25212,842,1394
42012,842,551
76529,842,223
74525,842,297
47486,842,851
23374,842,1406
47205,842,465
11796,842,1215
64950,842,317
64346,842,678
57270,842,886
57285,842,1132
43568,842,1189
40815,842,1061
84571,842,547
48301,842,1329
12878,842,672
46938,842,1398
67094,842,1302
49311,842,414
12129,842,744
54941,842,127
84157,842,585
81526,842,1445
78829,842,2
15047,842,262
1809,842,1224
15435,842,259
71948,842,929
37172,842,1173
40511,842,996
39254,842,622
53437,842,1456
81355,842,519
35619,842,387
85471,842,226
53220,842,618
21206,842,1365
32813,842,740
55813,842,399
19200,842,1607
23024,842,142
13221,842,231
16096,842,27
54855,842,1093
66339,842,333
24707,842,37
75874,842,1159
54881,842,151
78071,842,1390
78862,842,517
11350,842,710
67128,842,1399
84149,842,1096
48374,842,1322
84389,842,145
61761,842,1571
49593,842,443
46198,842,1397
5138,842,187
49171,842,1027
46267,842,464
61038,842,773
26261,842,1241
7784,842,1395
3338,842,42
55326,842,774
14927,842,1645
55305,842,1063
60907,842,571
20881,842,125
18413,842,651
86174,842,747
78569,842,815
55252,842,206
81535,842,930
20838,842,1657
78748,842,997
18492,842,1234
12702,842,524
37196,842,1401
965,842,415
71856,842,1190
53526,842,1064
84367,842,113
46635,842,199
78728,842,446
72696,842,1019
53573,842,793
17443,842,1249
87218,842,209
55109,842,1523
78350,842,1208
88539,842,936
75705,842,1155
814,842,36
41244,842,427
38162,842,132
54467,842,63
4965,842,232
15860,842,949
33309,842,64
48967,842,947
29725,842,184
82967,842,95
52942,842,1363
59628,842,102
31603,842,456
77904,842,1013
65233,842,1449
18448,842,16
89315,842,528
12097,842,1157
49671,842,373
44004,842,1356
28059,842,57
14055,842,1178
87286,842,685
34261,842,1633
29755,842,623
5277,842,416
74923,842,797
40201,843,577
63834,843,1251
71716,843,414
22420,843,1190
72606,843,1445
69722,843,288
61527,843,1398
39789,843,225
57059,843,1016
71987,843,964
70392,843,1183
88153,843,987
39054,843,1461
40756,843,1146
20215,843,1246
65932,843,851
27652,843,1205
4388,843,498
88452,843,1394
40002,843,494
30588,843,496
63191,843,1572
79648,843,685
74518,843,739
32198,843,317
38844,843,184
72930,843,463
6158,843,997
38761,843,94
83432,843,860
11111,843,1350
63599,843,1516
82412,843,554
12419,843,616
45128,843,448
46919,843,32
20046,843,300
70887,843,1632
34228,843,367
82209,843,456
74066,843,1068
83458,843,1037
19668,843,333
26651,843,1397
8446,843,555
86806,843,867
17968,843,1352
59740,843,446
15290,843,551
13350,843,976
66050,843,1314
29615,843,747
67248,843,44
11451,843,1373
13491,843,471
64271,843,373
86931,843,1249
76158,843,651
76440,843,1234
17079,843,345
36266,843,226
2497,843,1615
36980,843,36
13420,843,1543
7129,843,797
65844,843,142
1438,843,1592
2530,843,846
38630,843,996
42361,843,1178
88476,843,1302
63145,843,1281
65488,843,132
68644,843,744
34129,844,289
85888,844,1437
19934,844,1411
75077,844,912
35267,844,828
65494,844,1011
67522,844,374
19283,844,921
86851,844,767
2336,844,621
23581,844,1206
39309,844,477
69961,844,220
89080,844,59
3125,844,1302
21247,844,1439
45199,844,1637
67905,844,460
85710,844,573
56394,844,28
22046,844,829
8527,844,207
7335,844,1500
30426,844,501
81552,844,487
8550,844,1556
22045,844,1324
33398,845,741
76470,845,1516
6294,845,601
76657,845,1175
8967,845,1113
70784,845,266
44806,845,27
44811,845,572
46479,845,880
48363,845,480
57014,845,1095
71870,845,790
17723,845,1507
70789,845,1214
89428,845,981
63680,845,185
15549,845,890
51370,845,1356
1338,845,554
39463,845,6
75176,845,373
79091,845,226
12305,845,923
78614,845,860
38890,845,42
53912,845,1571
42549,845,916
28997,845,1310
27678,845,610
69557,845,9
27434,845,175
40128,845,466
71881,845,1043
16051,845,95
75329,845,1208
7739,845,1459
10764,845,1078
57000,845,1104
36844,845,296
44537,845,380
59814,845,433
45886,845,1622
72227,845,1490
89637,845,996
82196,845,57
59250,845,20
45606,845,758
26253,845,1178
77002,845,616
3922,845,1276
13607,845,1329
71087,845,225
79408,845,232
12010,845,63
54008,845,1491
45898,845,206
60613,845,838
60618,845,795
68841,845,1258
72400,845,1241
88119,845,1201
63709,845,1575
87263,845,801
8514,845,153
14615,845,128
67956,845,1615
13308,845,797
67811,845,949
19594,845,925
63930,845,612
32191,845,1016
60160,845,1352
63953,845,461
6993,845,684
82051,845,874
4747,845,656
38320,845,777
64304,845,1644
80600,845,173
9445,845,450
25099,845,390
76697,845,871
66272,845,696
63849,845,551
59973,845,1217
10338,845,1397
43247,845,637
78900,845,1313
39846,845,1147
75394,845,1484
78969,845,199
18212,845,1257
10326,845,1585
45717,845,1361
59606,845,1159
81986,845,90
76726,845,446
10981,845,682
11645,845,1440
87279,845,51
88171,845,7
85387,845,810
42365,845,17
41868,845,342
57137,845,1102
69027,845,494
27534,845,382
66655,845,1456
87268,845,1334
78905,845,229
86821,845,1120
45678,845,643
33431,845,184
43096,845,526
79337,845,1525
1317,845,442
137,845,142
45855,845,50
39832,845,1227
81890,845,1391
71626,845,875
19550,845,1190
46481,845,687
39033,845,29
72852,845,1249
64401,845,618
7481,845,1460
28708,845,133
41531,845,1205
54143,845,700
22402,845,1558
8309,845,273
59274,845,1061
34975,845,1632
41789,845,150
19516,845,888
21060,845,1027
43321,845,154
49465,845,1373
75514,845,1234
22392,845,1008
50989,845,1372
54564,845,1173
6980,845,504
27567,845,1215
66246,845,67
80422,845,772
59391,845,1269
35504,845,829
32086,845,1572
520,845,1322
88666,845,550
50968,845,799
12674,845,548
49458,845,1064
51247,845,1442
10969,845,926
87420,845,1365
66197,845,658
48723,845,869
55003,845,590
46613,845,55
9065,845,571
74493,845,1304
83731,845,960
24632,845,312
46291,845,1066
25464,845,476
25720,845,52
56297,845,815
85009,845,245
78072,845,146
24077,845,126
80957,845,1481
61598,845,1534
46958,845,221
11896,845,1527
57920,845,732
68544,845,340
77481,845,667
5252,845,1410
7208,845,994
49048,845,1504
34520,845,513
29429,845,640
65032,845,337
46962,845,338
53167,845,456
46130,845,1513
41663,845,753
19997,845,303
69882,845,416
83172,845,517
62763,845,1226
65597,845,223
39122,845,602
71947,845,1559
84161,845,566
9223,845,846
86524,845,1294
50705,845,234
23494,845,1502
36946,845,762
36404,845,1070
80105,845,385
27151,845,1183
2636,845,634
9581,845,1317
21550,845,1407
34618,845,1044
55690,845,673
68564,845,277
57851,845,219
35663,845,876
53215,845,447
62805,845,1204
16770,845,209
87098,845,1339
7199,845,1132
15161,845,1350
55789,845,1199
49658,845,565
1535,845,677
15104,845,631
58295,845,919
52402,845,316
40691,845,297
32677,845,97
79959,845,1429
70229,845,984
8461,845,929
58246,845,261
68425,845,1454
31649,845,936
73396,845,1246
45323,845,1023
31650,845,399
74290,845,313
968,845,1509
45348,845,121
73314,845,1565
1475,845,317
82954,845,1614
34322,845,109
4231,845,947
7263,845,145
87817,845,623
62347,845,1331
7969,845,1326
34478,845,1218
44010,845,1533
5856,845,670
39754,845,707
57980,845,315
62578,845,200
20606,845,1415
16743,845,1511
82787,845,409
83138,845,989
47039,845,1281
42079,845,1264
74860,845,613
61842,845,93
47214,845,349
81018,845,857
68481,845,1657
79993,845,249
71235,845,306
21824,845,3
38596,845,1476
29795,845,415
79985,845,542
48937,845,1479
24450,845,954
68312,845,1396
13173,845,160
7857,845,635
28299,845,87
62882,845,1335
52001,845,1169
31686,845,257
24290,845,1349
51762,845,1148
64676,845,570
5726,845,393
43008,845,692
20514,845,77
12991,845,1645
22026,845,792
6165,845,922
38451,845,179
51731,845,1198
50153,845,1620
86687,845,41
11533,845,809
13553,845,293
313,845,1580
25358,845,851
34722,845,1659
21426,845,950
25831,845,278
73610,845,259
3223,845,672
83387,845,113
20523,845,685
80245,845,895
18402,845,1398
14576,845,88
76405,845,1333
51549,845,759
49527,845,25
53855,845,1032
49223,845,333
30345,845,1603
39473,845,1030
86905,845,1653
63418,845,597
42586,845,1077
43522,845,1299
63409,845,44
82356,845,896
13270,845,1094
4956,845,164
73670,845,275
11624,845,1136
39621,845,497
37852,845,1395
46760,845,1515
86452,845,1106
4333,845,402
79507,845,1371
87173,845,45
25335,845,1309
67597,845,1284
65839,845,747
63187,845,328
75717,845,1375
40358,845,413
38490,845,1393
87135,845,1301
87596,845,715
48883,845,262
5774,845,591
36214,845,930
88843,845,423
11949,845,1082
29219,845,1189
71306,845,1233
1583,845,58
53472,845,774
9884,845,1618
23315,845,1362
84166,845,1386
58732,845,544
58710,845,585
22753,845,934
25761,845,24
83311,845,1253
61398,845,422
34674,845,580
12512,845,1303
23708,845,1213
50456,845,627
53606,845,274
34716,845,970
48601,845,36
1951,846,1349
56852,846,797
4123,846,270
52443,846,58
53176,846,773
1550,846,618
56432,846,524
25925,846,1191
19867,846,761
86301,846,658
10289,846,16
51647,846,1609
1304,846,183
80790,846,431
1968,846,1151
35223,846,1461
18546,846,976
8162,846,1397
7999,846,1350
80918,846,909
56036,846,737
53603,846,1146
34321,846,996
35199,846,518
23492,846,811
25987,846,278
23522,846,187
18483,846,1633
3942,846,143
84298,846,456
25553,846,50
7382,846,1415
73918,846,653
25847,846,771
48136,846,1516
55852,846,744
26522,846,1547
54456,846,947
12170,846,31
12017,846,1037
35087,846,1066
50316,846,1339
19615,846,1208
67934,846,692
24305,846,1356
40992,846,333
74050,846,1615
7311,846,433
47460,846,528
18794,846,1215
35012,846,1647
20164,846,1301
68579,846,402
47743,846,1027
88990,846,1123
56810,846,1543
16167,846,380
4642,846,44
1920,846,547
69327,846,1210
51906,846,319
4681,846,1156
56533,846,141
7381,846,747
54910,846,1251
68232,846,904
4257,846,1178
32517,846,1590
75082,846,1284
61706,846,1329
59267,846,184
79026,846,1460
9805,846,1373
59931,846,1147
5361,846,837
13118,846,643
30200,846,262
31122,846,964
60934,846,1157
28682,846,210
21831,846,770
5145,846,741
42556,846,733
28757,846,1189
60140,846,161
66048,846,36
79620,846,1427
39496,846,1410
45002,846,867
12801,846,7
59165,846,778
31186,846,505
12394,846,347
75119,846,1124
61650,846,1523
89624,846,1205
87367,846,597
14507,846,1322
61874,846,145
64082,846,1182
17954,846,794
42565,846,1190
49587,846,478
84985,846,1419
44977,846,1366
31548,846,504
11043,846,450
39446,846,1095
84573,846,762
29420,846,1077
43934,846,390
61347,846,1260
37958,846,1501
21683,846,1398
42719,846,109
65025,846,713
67488,846,1333
67487,846,580
79146,846,1525
85162,846,1580
61381,846,945
2799,846,987
80557,846,768
63761,846,41
37930,846,1064
48766,846,178
10124,846,87
38227,846,1611
21009,846,476
62770,846,1394
84920,846,820
57802,846,1142
10725,846,554
5830,847,1386
30260,847,926
66687,847,367
803,847,1034
50707,847,1398
68012,847,643
43241,847,1571
12136,847,41
44030,847,860
76719,847,1613
46370,847,312
11313,847,1481
85822,847,766
75283,847,1335
24117,847,1580
43218,847,1235
59586,847,360
36944,847,1209
77396,847,337
53178,847,640
19439,847,1234
59269,847,851
71884,847,1233
67670,847,685
65576,847,950
44993,847,630
88281,847,50
38014,847,303
68505,847,1350
61292,847,7
7925,847,178
85167,847,296
46098,847,9
56004,847,612
41187,847,317
44235,847,132
36352,847,792
34972,847,1547
58081,847,1082
36652,847,1208
35791,847,301
76482,847,291
1236,847,635
17730,847,667
6807,847,947
20609,847,154
56223,847,336
68528,847,10
20196,847,86
2783,847,1507
5524,847,313
35084,847,1027
70944,847,380
61895,847,150
35078,847,184
23107,847,44
42244,847,1633
81443,847,627
63222,847,929
5735,847,206
13441,847,297
45911,847,602
26353,847,443
34798,847,762
16242,847,1456
25332,847,797
49147,847,1155
49595,847,494
27963,847,815
55717,847,1077
17693,847,618
10923,847,1337
16237,847,846
89228,847,1189
26130,847,446
55097,847,1146
69510,847,580
89298,847,441
76144,847,937
69543,847,527
19558,847,1632
2811,847,1205
33478,847,1636
49365,847,1173
39867,847,1303
41115,847,328
64165,847,45
87353,847,747
73383,847,390
62604,847,1322
13476,847,71
77759,847,27
25511,847,179
43981,847,987
973,847,1339
87340,847,1293
25579,847,1102
24348,847,421
84741,847,1527
67906,847,373
65321,847,517
26780,847,744
76077,847,682
53138,847,865
19476,847,199
5099,847,773
9256,847,1644
66568,847,1502
57076,847,776
44658,847,1148
26732,847,1092
833,847,811
87415,847,959
78859,847,95
77673,847,456
79149,847,232
34084,847,1013
7031,847,82
89347,847,658
69303,847,1461
15088,847,36
85150,847,551
73319,847,142
16310,847,1032
77741,847,1467
60561,847,528
24009,847,6
56965,847,113
80572,847,249
24347,847,940
76104,847,1096
52222,847,1281
65994,847,938
3013,848,115
61483,848,1373
150,848,142
43409,848,744
25717,848,347
10039,848,1507
59999,848,1445
17664,848,1365
31318,848,1547
41869,848,627
39404,848,456
21337,848,1632
76,848,1205
14963,848,297
23297,848,1284
19443,848,367
87932,848,1048
10356,848,1005
79163,848,1478
47130,848,484
61720,849,1339
25193,849,643
25473,849,1205
88542,849,1005
74119,849,1096
17388,849,150
13263,849,312
958,849,1527
44241,849,687
53226,849,113
87954,849,797
53636,849,1333
39534,849,1533
60171,849,88
48908,849,1027
11401,849,996
63775,849,570
34899,849,1373
32595,849,1397
76647,849,744
9230,849,97
80188,849,762
34003,849,390
16232,849,109
74750,849,1657
11657,849,1460
21959,849,947
61313,849,1199
29707,849,373
46995,849,1329
72789,849,867
50172,849,1281
67497,849,36
45308,849,225
10618,849,1178
19663,849,1644
45209,849,1077
19212,849,1398
68769,849,456
6246,849,1234
4196,849,1293
29191,849,1502
18041,849,249
59183,849,1638
38338,850,1300
25303,850,612
34361,850,115
36705,850,1287
48628,850,1190
39060,850,327
14536,850,207
46617,850,538
36874,850,609
11958,850,1037
55746,850,1077
77058,850,1204
27586,850,506
48415,850,827
71974,850,1623
82089,850,928
21262,850,398
51478,850,733
55792,850,1302
88788,850,4
17432,850,1599
27057,850,288
33662,850,567
32651,850,1478
68311,850,525
52560,850,810
20687,850,1237
54223,850,1500
51321,850,528
14595,850,519
67234,850,1401
71278,850,1456
33928,850,987
55834,850,44
41373,850,96
65510,850,142
82523,850,1524
69784,850,31
8569,850,666
69948,850,255
66089,850,962
67433,850,768
9964,850,273
38921,850,1377
78657,850,449
87824,850,127
40392,850,333
59807,850,770
41030,850,1475
40418,850,1537
81658,850,1210
34636,850,642
33412,850,639
15992,850,1366
44759,850,1307
13702,850,1428
70874,850,1572
23070,850,1425
19462,850,308
47347,850,638
59258,850,820
51976,850,1516
84329,850,696
12959,850,829
59205,850,737
39442,850,349
46782,850,456
82353,850,143
28259,850,1376
11784,850,389
75292,850,460
50257,850,463
4453,850,1529
83202,850,1434
65351,850,1317
24346,850,339
18446,850,1589
30999,850,798
65355,850,424
87264,850,212
46458,850,744
7528,850,358
38201,850,914
60891,850,1301
48912,850,958
66678,850,1017
25505,850,1158
26193,850,1531
38747,850,464
34886,850,1342
29252,850,484
22972,850,644
34784,850,971
35607,850,767
81359,850,1256
69304,850,982
15872,850,604
18879,850,332
15392,850,1142
65160,850,1432
63364,850,1364
61818,850,478
34817,850,655
88016,850,1133
78606,850,1477
24514,850,841
60253,850,683
4597,850,523
88037,850,1321
40400,850,36
48406,850,577
46558,850,244
59944,850,536
12844,850,1515
67010,850,410
36378,850,1146
70041,850,1467
2559,850,532
78987,850,52
77289,850,274
12538,850,1101
71813,850,1197
17493,850,414
63125,850,1285
11171,850,721
8470,850,435
60674,850,579
66930,850,1581
22008,850,493
53691,850,1397
34447,850,1241
37074,850,623
29565,850,1424
63267,850,1403
58819,850,580
68235,850,319
88463,850,109
40673,850,966
67736,850,1274
3688,850,569
83786,850,823
50916,850,1206
20510,850,1398
80951,850,581
67746,850,482
83798,850,570
65582,850,1205
44174,850,101
32301,850,591
51211,850,621
83909,850,113
13984,850,518
15886,850,225
10282,850,1208
32494,850,1556
74614,850,617
46965,850,87
29969,850,134
41944,850,38
46914,850,355
16533,850,1157
64235,850,1644
56748,850,1451
61692,850,1318
23330,850,1025
83748,850,136
83928,850,608
67630,850,773
22369,850,1374
1560,850,1534
42704,850,1177
6848,850,1281
32040,850,15
30024,850,891
7142,850,69
12797,850,1430
21527,850,249
34014,850,884
19266,850,1497
85368,850,1176
57404,850,766
72806,850,1219
87237,851,891
76214,851,255
36674,851,471
67375,851,982
50777,851,476
15696,851,1588
84569,851,519
79226,851,1633
57050,851,945
25022,851,987
8735,851,841
88398,851,1270
84111,851,612
8400,851,1217
18180,851,1640
82063,851,235
65880,851,1142
46039,851,587
30764,851,1369
52385,851,378
21059,851,518
10549,851,96
28610,851,498
48058,851,1547
8648,851,1373
32483,851,1037
27278,851,1398
55557,851,318
11679,851,1638
89466,851,1366
26366,851,744
7454,851,1251
12012,851,1523
2733,851,609
85242,851,1543
49928,851,288
52024,851,435
82011,851,1601
22380,851,964
44224,851,431
61110,851,434
39034,851,463
88997,851,478
82405,851,209
77468,851,770
86343,852,1274
67348,852,1401
17993,852,1369
7349,852,1284
78092,852,982
72537,852,1133
37570,852,577
11778,852,332
86373,852,32
58133,852,333
70366,852,4
62695,852,538
6703,852,207
88766,852,477
81518,852,1302
69422,852,1152
68486,852,521
40929,852,587
49799,852,1554
65933,852,31
25051,852,829
73499,852,339
41714,852,579
37499,852,695
2513,852,854
35407,852,721
53738,852,1588
82085,852,410
49791,852,468
56954,852,1364
73797,852,585
61564,852,860
13411,852,453
83828,852,733
7588,853,964
39872,853,313
74994,853,1032
68521,853,572
79686,853,529
39003,853,1326
45829,853,1476
14968,853,327
16241,853,1460
87864,853,1190
86048,853,1572
45703,853,481
20524,853,1438
2375,853,463
21086,853,1461
54689,853,421
81853,853,1167
31508,853,27
92,853,1142
32868,853,571
76766,853,1266
23706,853,1477
33384,853,1127
69860,853,860
30879,853,291
51140,853,447
47484,853,290
76156,853,1609
36084,853,84
26059,853,1017
74999,853,1183
35966,853,570
3221,853,505
48690,853,87
21837,853,1531
18152,853,255
57634,853,1633
32334,853,273
23595,853,728
84724,853,1221
46763,853,884
31136,853,278
40897,853,412
17350,853,1495
15745,853,15
5812,853,1281
5793,853,1363
55058,853,1347
53311,853,1394
71188,853,1429
86423,853,413
37854,853,216
49796,853,1636
38175,853,53
32,853,1329
4524,853,333
32426,853,1523
51905,853,1002
64246,853,553
7452,853,360
65634,853,199
25014,853,446
46317,853,389
51969,853,1112
36723,853,1059
59150,853,303
38812,853,1317
61913,853,1253
12304,853,1016
9134,853,345
39453,853,527
30007,853,471
79380,853,764
42234,853,1146
4990,853,518
4488,853,644
55009,853,528
61557,853,1110
85768,853,883
57550,853,902
30997,853,1147
71639,853,50
76360,853,841
59624,853,425
7140,853,612
35300,853,147
26871,853,1260
75308,853,1416
39715,853,1333
84643,853,1456
87732,853,1295
35956,853,212
52145,853,498
42687,853,1615
73064,853,470
87901,853,1441
77390,853,1208
6604,853,926
75219,853,1348
30306,853,400
84353,853,1644
30307,853,1407
81447,853,1398
7516,853,1102
35268,853,184
37528,853,1025
4784,853,309
12127,853,1322
27182,853,946
57372,853,627
39421,853,1005
74155,853,1061
42159,853,69
77745,853,1632
57676,853,829
36812,853,666
61719,853,225
76644,853,24
31639,853,5
56107,853,976
36592,853,685
76975,853,388
55911,853,19
373,853,585
24451,853,851
84761,853,1301
70805,853,43
73316,853,1176
57837,853,1210
43172,853,96
45996,853,889
74346,853,551
75506,853,939
85231,853,1256
34988,853,1189
56157,853,1201
40766,853,435
15077,853,1135
43367,853,1356
18282,853,1178
46589,853,332
13772,853,1505
60201,853,1537
60203,853,1085
37603,853,1401
5653,853,1270
77660,853,1226
54501,853,226
61325,853,1338
45981,853,301
5103,853,1524
36654,853,432
10690,853,347
26464,853,1020
30725,853,987
37350,853,1284
31701,853,780
68360,853,579
53348,853,7
3299,853,567
70751,853,982
42113,853,986
75485,853,1480
49687,853,1297
66308,853,1556
40473,853,1415
34454,853,414
63823,853,1547
58126,853,1036
31578,853,492
89177,853,1231
40083,853,1205
44244,853,293
89652,853,996
63880,853,761
24913,853,972
61748,853,1564
33603,853,1369
33447,853,1543
86220,853,1071
73277,853,1565
7222,853,592
31789,853,744
28156,853,815
62250,853,21
70260,853,455
80901,853,82
52586,853,1289
45756,853,1623
49885,853,44
88814,854,1226
80129,854,421
71328,854,776
78593,854,1321
13435,854,1524
6516,854,940
73914,854,922
36682,854,455
80170,854,448
19204,854,1636
42008,854,1034
11402,854,309
32814,854,1149
65193,854,1485
34978,854,317
16010,854,1233
38718,854,865
22466,854,301
84347,854,10
20667,855,332
39817,855,1274
58224,855,577
41605,855,59
40279,855,1020
20372,855,98
20093,855,410
43383,855,378
10734,855,1588
20171,855,585
84172,855,1302
34040,855,1206
74432,855,92
30076,855,1500
57322,855,1133
2786,855,32
52931,855,975
46903,855,1589
87698,855,854
20212,855,339
43009,855,460
7776,855,621
40121,855,476
38986,855,860
84195,856,587
69849,856,860
18655,856,1660
31772,856,536
58,856,139
432,856,76
13888,856,407
62433,856,455
43856,856,1524
8003,856,321
763,856,333
63044,856,348
44899,856,538
9128,856,1168
22353,856,1167
55237,856,332
80335,856,32
19498,856,1002
83047,856,1297
81258,856,958
54549,856,1266
4170,857,1588
15436,857,378
75284,857,460
28732,857,1234
24162,857,766
88541,857,1302
17449,857,498
4759,857,572
87807,857,1554
25922,857,612
34473,857,1261
46309,857,339
77438,857,476
68394,857,453
48395,857,983
23366,857,389
73326,857,209
16867,857,425
44319,857,410
56730,858,1505
22913,858,527
77330,858,21
27621,858,653
44599,858,1005
33114,858,140
69481,858,1500
23055,858,1524
12711,858,1547
7202,858,1297
40342,858,1633
33568,858,1256
46214,858,515
52887,858,724
51938,858,178
8705,858,425
59222,858,755
83149,858,1632
79714,858,176
54656,858,1537
13679,858,939
55697,858,860
74538,858,104
450,858,1319
36097,858,946
45838,858,553
38707,858,683
39768,858,470
48624,858,964
28977,858,1071
47505,858,855
82650,858,215
54814,858,1403
42456,858,347
78638,859,880
27911,859,1505
11918,859,909
37744,859,55
63073,859,621
43274,859,1588
10131,859,550
42911,859,1302
40825,859,424
61660,859,150
89402,859,410
70744,859,1499
70632,859,937
74000,859,729
45888,859,737
78635,859,1190
43992,859,1002
74379,859,32
74688,859,460
61891,859,1135
48501,859,823
5055,859,1500
11990,859,476
41270,859,828
51051,859,92
25678,859,572
71141,859,1174
73711,859,113
51191,859,733
31104,859,986
34223,859,691
85301,859,470
33889,859,89
12357,859,1556
69408,859,528
25105,859,591
3500,859,1583
26272,859,1615
83995,859,914
29984,859,127
45715,859,1295
27573,859,829
42271,859,1270
41333,859,562
37342,859,964
84301,859,692
68366,859,709
83860,859,240
65019,859,455
88194,859,339
31202,859,643
35217,859,380
66569,859,1504
74242,859,1013
38644,859,975
84827,859,1023
50015,859,82
40142,859,946
3542,859,1206
31690,859,1018
66102,859,1637
32775,859,411
80442,859,498
28674,859,1000
48112,859,579
39336,860,76
86303,860,301
64334,860,1016
64247,860,1167
52596,860,1226
26948,860,1149
18812,860,1482
14540,860,24
28311,860,860
16106,860,1032
85700,860,1524
37660,860,240
55782,860,1261
51102,860,1034
31872,860,1023
72426,860,733
52335,860,1511
57345,860,1294
73464,860,825
47852,860,476
20768,860,317
42120,860,1334
46388,860,1257
55667,860,1310
21001,860,321
9448,860,105
57589,860,554
88361,860,919
26132,860,1660
4913,860,771
28051,860,1238
1864,860,709
31394,860,1321
14239,860,474
64018,860,729
65009,860,1297
1005,860,1002
84608,860,1293
88299,860,865
69971,860,1403
